"Filename","LineNumber","Line"
"NewsForm.tsx","164","      console.error(""Form submission error:"", error);"
"NewsForm.tsx","201","              placeholder=""Article title (40-80 characters)"""
"NewsForm.tsx","221","              placeholder=""Brief summary (100-150 characters)"""
"NewsForm.tsx","239","              placeholder=""Article content in markdown format"""
"NewsForm.tsx","303","              placeholder=""e.g., WSAVA, AAHA, Indian Veterinary Association"""
"NewsForm.tsx","320","              placeholder=""https://example.com/article"""
"NewsForm.tsx","336","              placeholder=""https://example.com/image.jpg"""
"NewsForm.tsx","371","                placeholder=""Add breed..."""
"NewsForm.tsx","465","                placeholder=""Add tag..."""
"DogProfileContext.tsx","36","      console.error(`Error loading ${PROFILE_KEY}`, e);"
"DogProfileContext.tsx","64","    // TODO: Sync to new backend"
"PawphileDataContext.tsx","177","      console.error('Failed to save dog profile to cloud:', e);"
"PawphileDataContext.tsx","192","      console.error('Failed to update dog profile in cloud:', e);"
"PawphileDataContext.tsx","223","      console.error('Failed to save vaccine to cloud:', e);"
"PawphileDataContext.tsx","424","      saveVetProfile: (vet: any) => console.log('Vet profile save not implemented yet', vet),"
"emailEngine.ts","39","    console.warn('[emailEngine] Failed to save notification');"
"emailEngine.ts","64","      console.warn('[emailEngine] Missing env keys. Logging notification instead of sending.', { to, subject, htmlBody, plainTextBody });"
"emailEngine.ts","69","    console.log('[emailEngine] Attempting to send email...', { to, subject });"
"emailEngine.ts","75","    console.error('[emailEngine] Failed to send email:', error);"
"symptomEngine.ts","7","  let whatToDoNow = 'Monitor at home.';"
"symptomEngine.ts","32","    whatToDoNow = 'Do NOT offer food or water. Call the emergency vet clinic to let them know you are coming, and transport the dog safely immediately.';"
"symptomEngine.ts","47","    whatToDoNow = 'Withhold food for 12 hours. Offer small amounts of water frequently to prevent dehydration. Do NOT give human medications.';"
"symptomEngine.ts","54","    whatToDoNow = 'Ensure access to fresh water. Monitor appetite and energy levels.';"
"symptomEngine.ts","70","    whatToDoNow = 'Due to missing information, monitor closely and consult a vet if you are unsure or if any symptom worsens.';"
"symptomEngine.ts","80","      whatToDoNow = 'Keep the dog cool and calm. Transport to the vet immediately.';"
"symptomEngine.ts","103","    whatToDoNow,"
"nutritionStorage.ts","36","  // TODO: Implement with Neon"
"nutritionStorage.ts","51","  // TODO: Sync to Neon"
"nutritionStorage.ts","67","  // TODO: Delete from Neon"
"usePushNotifications.ts","27","        console.log(""FCM Token obtained:"", token);"
"usePushNotifications.ts","33","      console.error(""Failed to request notification permission:"", error);"
"usePushNotifications.ts","72","        console.log(""Received foreground message:"", payload);"
"usePushNotifications.ts","80","      console.error(""Failed to set up foreground message handler:"", error);"
"encryption.ts","27","    console.error(""Encryption failed"", err);"
"firebase.ts","29","      console.log(""This browser does not support notifications"");"
"firebase.ts","50","      console.log(""Notification permission denied"");"
"firebase.ts","54","    console.error(""Error requesting notification permission:"", error);"
"firebase.ts","67","    console.log(""Foreground message received:"", payload);"
"storage.ts","47","    console.error(`[Storage] loadFromStorageAsync error for ${key}:`, err);"
"storage.ts","61","      console.warn(`[Storage] localStorage fallback write failed for ${key} (quota issue?):`, lsErr);"
"storage.ts","64","    console.error(`[Storage] saveToStorageAsync error for ${key}:`, err);"
"storage.ts","73","    console.error(`[Storage] deleteFromStorageAsync error for ${key}:`, err);"
"storage.ts","88","    console.warn(`[Storage] Failed to parse key ""${key}"", using fallback.`, error);"
"storage.ts","97","    console.warn(`[Storage] Failed to stringify data for key ""${key}"".`, error);"
"storage.ts","105","    console.warn(`[Storage] Failed to remove key ""${key}"".`, error);"
"storage.ts","111","  console.log('[Storage] Migration adapter configured successfully.');"
"AdminNews.tsx","79","      // TODO: If this was a critical severity article:"
"AdminNews.tsx","213","            placeholder=""Search articles..."""
"AdminNews.tsx","216","            className=""w-full px-4 py-2 rounded-lg border border-slate-300 dark:border-slate-600 bg-white dark:bg-slate-900 text-slate-900 dark:text-white placeholder-slate-500 focus:outline-none focus:ring-2 focus:ring-blue-500"""
"ConsentCenter.tsx","7","      <p className=""font-bold text-slate-500"">Consent Center Component Placeholder</p>"
"Dashboard.tsx","69","        console.warn(""Failed to fetch weather alert"", err);"
"DataExport.tsx","7","      <p className=""font-bold text-slate-500"">Data Export Component Placeholder</p>"
"DogHealthTriage.tsx","145","        console.error('Triage error:', e);"
"DogHealthTriage.tsx","186","              <input value={breed} onChange={e => setBreed(e.target.value)} placeholder=""e.g. Labrador"" className=""pw-input text-sm"" />"
"DogHealthTriage.tsx","190","              <input value={age} onChange={e => setAge(e.target.value)} placeholder=""e.g. 3 years"" className=""pw-input text-sm"" />"
"DogHealthTriage.tsx","194","              <input value={weight} onChange={e => setWeight(e.target.value)} placeholder=""e.g. 13.8 kg"" className=""pw-input text-sm"" />"
"DogHealthTriage.tsx","232","            placeholder=""Describe any other observations..."""
"EmergencyClassifier.tsx","72","        ai_summary: result.whatToDoNow || result.whenToGoToVet,"
"EmergencyClassifier.tsx","73","        recommended_action: result.whatToDoNow,"
"EmergencyClassifier.tsx","85","        console.error('[EmergencyClassifier] Save error:', err);"
"EmergencyClassifier.tsx","138","          <p className=""font-bold text-lg text-slate-800 dark:text-slate-100"">{result.whatToDoNow}</p>"
"EmergencyClassifier.tsx","353","                  placeholder=""Add any extra details you noticed, such as vomit color, stool condition, weakness, breathing changes, injury, or vet advice."""
"FoodSafety.tsx","178","                placeholder=""e.g. Chicken breast, Biryani, Curd..."""
"FoodSafety.tsx","190","                  placeholder=""e.g. 150"""
"FoodSafety.tsx","306","              placeholder=""Search food (e.g. biryani, onion, carrot)?"""
"Nutrition.tsx","245","          {/* TODO: Phase 2 AI Food Scan "
"Nutrition.tsx","614","            <input value={foodName} onChange={(e) => setFoodName(e.target.value)} required className=""input"" placeholder=""e.g. kibble, chicken, rice"" />"
"Nutrition.tsx","618","              <input value={portionGrams} onChange={(e) => setPortionGrams(e.target.value)} type=""number"" inputMode=""numeric"" className=""input"" placeholder=""optional"" />"
"Nutrition.tsx","621","              <input value={totalKcal} onChange={(e) => setTotalKcal(e.target.value)} type=""number"" inputMode=""numeric"" required min={1} className=""input"" placeholder=""required"" />"
"Nutrition.tsx","649","            <textarea value={notes} onChange={(e) => setNotes(e.target.value)} className=""input min-h-[90px]"" placeholder=""optional"" />"
"Nutrition.tsx","743","            <input value={manualFoodName} onChange={(e) => setManualFoodName(e.target.value)} className=""input"" placeholder=""e.g. chicken rice"" />"
"Nutrition.tsx","746","            <input value={manualPortionGrams} onChange={(e) => setManualPortionGrams(e.target.value)} type=""number"" inputMode=""numeric"" className=""input"" placeholder=""e.g. 120"" />"
"PawAiCenter.tsx","349","              placeholder=""Describe your dog's symptoms or concern... (Shift+Enter for new line)"""
"PawAiCenter.tsx","354","              className=""flex-1 px-4 py-3 rounded-lg border border-slate-300 dark:border-slate-600 bg-white dark:bg-slate-900 text-slate-900 dark:text-white placeholder-slate-500 dark:placeholder-slate-400 focus:outline-none focus:ring-2 focus:ring-blue-500 resize-none disabled:opacity-50"""
"PawNews.tsx","221","                placeholder=""Search articles by title, topic, or tag..."""
"PawNews.tsx","224","                className=""w-full pl-10 pr-4 py-3 rounded-lg border border-slate-300 dark:border-slate-600 bg-white dark:bg-slate-900 text-slate-900 dark:text-white placeholder-slate-500 focus:outline-none focus:ring-2 focus:ring-blue-500"""
"PreventiveCare.tsx","193","                  onChange={v => setVaccineForm(f => ({ ...f, vaccineName: v }))} placeholder=""e.g. Rabies, DHPPi"" />"
"PreventiveCare.tsx","201","                  onChange={v => setVaccineForm(f => ({ ...f, vetClinic: v }))} placeholder=""e.g. PetCare Clinic"" />"
"PreventiveCare.tsx","265","                  onChange={v => setDewormForm(f => ({ ...f, productName: v }))} placeholder=""e.g. Drontal Plus"" />"
"PreventiveCare.tsx","273","                  onChange={v => setDewormForm(f => ({ ...f, weightAtTreatment: v }))} placeholder=""e.g. 13.5"" />"
"PreventiveCare.tsx","275","                  onChange={v => setDewormForm(f => ({ ...f, vetNotes: v }))} placeholder=""Any additional notes..."" />"
"PreventiveCare.tsx","466","function PwInput({ label, value, onChange, type = 'text', placeholder = '' }: {"
"PreventiveCare.tsx","467","  label: string; value: string; onChange: (v: string) => void; type?: string; placeholder?: string;"
"PreventiveCare.tsx","472","      <input type={type} value={value} onChange={e => onChange(e.target.value)} placeholder={placeholder}"
"Profile.tsx","211","                  <input value={petForm.name} onChange={(e) => setPetForm((p) => ({ ...p, name: e.target.value }))} className=""input"" placeholder=""e.g. Bruno"" />"
"Profile.tsx","243","                    placeholder=""e.g. 18.5"""
"Profile.tsx","253","                  <input value={petForm.dietType} onChange={(e) => setPetForm((p) => ({ ...p, dietType: e.target.value }))} className=""input"" placeholder=""e.g. Mixed diet / kibble + home cooked"" />"
"Profile.tsx","289","                  placeholder=""e.g. chicken, wheat"""
"Profile.tsx","298","                  placeholder=""e.g. skin allergy, IVDD"""
"Profile.tsx","307","                  placeholder=""Vet notes, medicines, surgeries, ongoing conditions (non-diagnostic)."""
"Profile.tsx","419","                <input value={ownerForm.phone} onChange={(e) => setOwnerForm((o) => ({ ...o, phone: e.target.value }))} className=""input"" inputMode=""tel"" placeholder=""+91?"" />"
"Profile.tsx","488","                <input value={vetForm.emergencyHours} onChange={(e) => setVetForm((v) => ({ ...v, emergencyHours: e.target.value }))} className=""input"" placeholder=""e.g. 24x7 / 8am?10pm"" />"
"Settings.tsx","132","      console.warn('[Settings] Export failed');"
"Settings.tsx","239","                    placeholder=""e.g. hello@pawphile.com"""
"VetFinder.tsx","70","              console.warn(""Failed to fetch API clinics, using fallback"");"
"VetFinder.tsx","83","              console.warn(""Failed to fetch API clinics, using fallback"");"
"VetFinder.tsx","121","      console.warn(""Geocoding failed"", err);"
"VetFinder.tsx","168","            placeholder=""Search city or area..."" className=""w-full pl-10 pr-24 py-3 rounded-2xl bg-slate-50 dark:bg-slate-800 border border-slate-200 dark:border-slate-700 text-slate-900 dark:text-white text-sm font-medium focus:ring-2 focus:ring-sky-400 focus:border-transparent outline-none transition-all placeholder:text-slate-400 dark:placeholder:text-slate-500"" />"
"VetFinder.tsx","175","            placeholder=""Filter by name..."" className=""w-full pl-10 pr-4 py-3 rounded-2xl bg-slate-50 dark:bg-slate-800 border border-slate-200 dark:border-slate-700 text-slate-900 dark:text-white text-sm font-medium focus:ring-2 focus:ring-sky-400 focus:border-transparent outline-none transition-all placeholder:text-slate-400 dark:placeholder:text-slate-500"" />"
"VetRecords.tsx","203","                  <input type=""text"" className=""pw-input w-full"" value={visitForm.vetName || ''} onChange={e => setVisitForm({...visitForm, vetName: e.target.value})} placeholder=""Dr. Smith"" />"
"VetRecords.tsx","207","                  <input type=""text"" className=""pw-input w-full"" value={visitForm.clinicName || ''} onChange={e => setVisitForm({...visitForm, clinicName: e.target.value})} placeholder=""City Vet"" />"
"VetRecords.tsx","228","                <textarea className=""pw-input w-full min-h-[60px]"" value={visitForm.symptoms || ''} onChange={e => setVisitForm({...visitForm, symptoms: e.target.value})} placeholder=""What prompted the visit?""></textarea>"
"VetRecords.tsx","232","                <input type=""text"" className=""pw-input w-full"" value={visitForm.diagnosis || ''} onChange={e => setVisitForm({...visitForm, diagnosis: e.target.value})} placeholder=""Diagnosis"" />"
"VetRecords.tsx","236","                <textarea className=""pw-input w-full min-h-[60px]"" value={visitForm.treatmentPlan || ''} onChange={e => setVisitForm({...visitForm, treatmentPlan: e.target.value})} placeholder=""Prescriptions, advice...""></textarea>"
"VetRecords.tsx","240","                <textarea className=""pw-input w-full min-h-[60px]"" value={visitForm.clinicalNotes || ''} onChange={e => setVisitForm({...visitForm, clinicalNotes: e.target.value})} placeholder=""Vet's exact notes...""></textarea>"
"VetRecords.tsx","272","                <input type=""text"" className=""pw-input w-full"" value={medForm.name || ''} onChange={e => setMedForm({...medForm, name: e.target.value})} placeholder=""e.g. NexGard"" />"
"VetRecords.tsx","277","                  <input type=""text"" className=""pw-input w-full"" value={medForm.dosage || ''} onChange={e => setMedForm({...medForm, dosage: e.target.value})} placeholder=""e.g. 1 Tablet"" />"
"VetRecords.tsx","281","                  <input type=""text"" className=""pw-input w-full"" value={medForm.frequency || ''} onChange={e => setMedForm({...medForm, frequency: e.target.value})} placeholder=""e.g. Once daily"" />"
"VetRecords.tsx","286","                <input type=""text"" className=""pw-input w-full"" value={medForm.duration || ''} onChange={e => setMedForm({...medForm, duration: e.target.value})} placeholder=""e.g. 7 days"" />"
"VetRecords.tsx","300","                <textarea className=""pw-input w-full min-h-[60px]"" value={medForm.instructions || ''} onChange={e => setMedForm({...medForm, instructions: e.target.value})} placeholder=""e.g. Give with food...""></textarea>"
"VisionScan.tsx","97","      console.error(e);"
"VisionScan.tsx","117","      console.error(e);"
"VisionScan.tsx","261","            <textarea value={notes} onChange={e => setNotes(e.target.value)} className=""pw-input text-sm h-20"" placeholder=""Add any extra context..."" />"
"apiClient.ts","9","const API_BASE_URL = import.meta.env.VITE_API_BASE_URL || 'http://localhost:8001';"
"chatEngine.ts","44","    console.warn(""Chat API unavailable, using fallback:"", error);"
"chatEngine.ts","58","  const apiUrl = import.meta.env.VITE_API_BASE_URL || ""http://localhost:8001"";"
"dogService.ts","33","    console.error('Error fetching dogs:', error);"
"dogService.ts","53","    console.error('Error upserting dog:', error);"
"emergencyEventsService.ts","112","    const baseUrl = import.meta.env.VITE_API_BASE_URL || 'http://localhost:8001';"
"healthLogService.ts","28","    console.error('Error adding health log:', error);"
"healthLogService.ts","45","    console.error('Error fetching health logs:', error);"
"pawAiEventService.ts","35","    console.error('Failed to log PAW AI event metadata', e);"
"pawnewsService.ts","22","    console.error(`Failed to log PAWNEWS interaction (${interactionType})`, e);"
"pdfGenerator.ts","7","    console.error(`Element with id ${elementId} not found`);"
"pdfGenerator.ts","11","  // Add a temporary class to optimize for PDF rendering (remove dark mode, ensure white background)"
"pdfGenerator.ts","62","    console.error('Error generating PDF:', error);"
"profileService.ts","30","    console.error('Error fetching profile:', error);"
"profileService.ts","51","    console.error('Error upserting profile:', error);"
"reminderService.ts","27","    console.error('Error fetching reminder preferences:', error);"
"reminderService.ts","47","    console.error('Error saving reminder preferences:', error);"
"reportService.ts","37","    console.error('Error uploading PDF to storage:', error);"
"reportService.ts","60","    console.error('Error saving report metadata:', error);"
"reportService.ts","77","    console.error('Error fetching reports:', error);"
"storageService.ts","4"," * Supabase Storage Planning & Placeholders"
"storageService.ts","31","    console.error('Failed to upload dog photo', e);"
"storageService.ts","50","    console.error('Failed to upload vision scan', e);"
"storageService.ts","67","    console.error('Failed to upload report', e);"
"supabaseClientWithClerk.ts","16","    console.warn('Supabase URL or Anon Key is missing. Falling back to local offline mode.');"
"SyncManager.tsx","33","        console.warn('Init queue error:', e);"
"SyncManager.tsx","73","          }).catch(console.error);"
"SyncManager.tsx","78","        console.error(""Queue persist error:"", err);"
"SyncManager.tsx","94","      console.warn('Load queue error:', e);"
"SyncManager.tsx","108","        console.log('[Analytics] sync_queue_pending', { count: q.length });"
"SyncManager.tsx","135","          console.error(""Sync repeatedly failed. Queue preserved."");"
"SyncManager.tsx","150","      console.log('[Analytics] sync_now_clicked');"
"syncService.ts","44","        console.log(`[Sync Conflict] Skipped upsert for ${table}/${id}. Cloud is newer.`);"
"syncService.ts","139","          if (dogErr) console.warn('Dog sync error:', dogErr);"
"syncService.ts","322","      console.error('Sync failed:', err);"
"vetClinicService.ts","30","    console.error('Error fetching vet clinics:', error);"
"pawphile.ts","137","  whatToDoNow: string;"
"chatHelpers.ts","174","    console.error(""Failed to save chat to localStorage:"", error);"
"chatHelpers.ts","194","    console.error(""Failed to load chat from localStorage:"", error);"
"chatHelpers.ts","206","    console.error(""Failed to clear chat from localStorage:"", error);"
"encryptionUtils.ts","25","    // Mock encryption: base64(encodeURIComponent(json))"
"encryptionUtils.ts","26","    // TODO: Replace with AES-GCM via crypto.subtle.encrypt()"
"encryptionUtils.ts","41","    // TODO: Replace with AES-GCM via crypto.subtle.decrypt()"
"reportGenerator.ts","235","      console.warn(""Could not add image to PDF"", e);"
"securityStorage.ts","12","    console.error(`Error saving ${key}:`, error);"
"securityStorage.ts","33","    console.error(`Error loading ${key}:`, error);"
"storageUtils.ts","39","    console.warn(`[PAWPHILE] Could not write ""${key}"" to localStorage:`, e);"
"telemetry.ts","15","  console.log(`[Telemetry] ?? ${eventName}`, properties || {});"
"themeUtils.ts","29","  _applyToDOM(theme);"
"themeUtils.ts","33","function _applyToDOM(theme: ThemeOption): void {"
"themeUtils.ts","47","  _applyToDOM(theme);"
"themeUtils.ts","51","    if (loadTheme() === 'system') _applyToDOM('system');"
"main.tsx","11","  console.warn("
"main.tsx","47","      console.warn(""[PAWPHILE] Service Worker registration failed:"", error);"
